{"cameraMode":{"drawMode":0,"name":"Shaded","section":"Shading Mode"},"sceneLighting":true,"audioPlay":false,"sceneViewState":{"m_AlwaysRefresh":false,"showFog":true,"showSkybox":true,"showFlares":true,"showImageEffects":true,"showParticleSystems":true,"showVisualEffectGraphs":true,"m_FxEnabled":true},"in2DMode":false,"pivot":{"x":38.709415435791019,"y":-18.507774353027345,"z":11.049284934997559},"rotation":{"x":0.14388194680213929,"y":0.6901992559432983,"z":-0.14308007061481477,"w":0.694746732711792},"size":66.17868041992188,"orthographic":false}