{"cameraMode":{"drawMode":0,"name":"Shaded","section":"Shading Mode"},"sceneLighting":true,"audioPlay":false,"sceneViewState":{"m_AlwaysRefresh":false,"showFog":true,"showSkybox":true,"showFlares":true,"showImageEffects":true,"showParticleSystems":true,"showVisualEffectGraphs":true,"m_FxEnabled":true},"in2DMode":false,"pivot":{"x":68.80394744873047,"y":1.7586185932159424,"z":0.209425151348114},"rotation":{"x":0.07372213155031204,"y":0.7834447622299194,"z":-0.09471984207630158,"w":0.6098920106887817},"size":0.6311434507369995,"orthographic":false}